CarPlate,ExpiryDate
GX1135D,01.06.2020
GBB1889L,11.09.2020
GV1091G,07.03.2021
GV0572S,13.06.2020
GBD3813G,01.06.2020
GBA3267Z,30.06.2020
GU1656H,07.03.2021
GBC4215G,31.08.2020
GX0666U,02.11.2020
GW3180P,16.03.2021
GBC7120B,14.07.2020
GW3337E,02.05.2020
GBC2091J,16.01.2021
GX6304A,12.10.2020
GZ0750Z,10.09.2020
GV2877A,05.08.2020
GBE5526S,05.02.2021
GW6532M,03.03.2021
GT3712X,24.08.2020
GBC5820C,10.10.2020
GW5292L,24.06.2020
GBC4881H,05.11.2020
GV8075H,02.12.2020
GBD2660L,15.06.2020
GU5686U,06.06.2020
GY0358D,20.05.2020
GBA9113U,25.11.2020
GBE2627D,15.05.2020
GZ2001P,08.11.2020
GU4485P,12.12.2020
GBD8291D,07.03.2021
GV0753L,11.08.2020
GY3655B,30.06.2020
GBA7546S,18.09.2020
GU9730Z,24.06.2020
GX3631A,08.07.2020
GY0118E,08.03.2021
GBE5238Z,09.02.2021
GBC0163Z,26.09.2020
GU7622R,07.04.2020
GZ5915H,19.05.2020
GT6675A,02.05.2020
GU9230A,14.10.2020
GU3011E,05.10.2020
GV9322M,22.08.2020
GT3500R,27.01.2021
GT0796Z,31.01.2021
GW4835C,22.03.2021
GW1543P,27.11.2020
GU4655R,13.08.2020
GW6126C,09.06.2020
GBC7358H,22.03.2021
GT5269X,23.04.2020
GBD8506K,28.10.2020
GW4380Y,10.09.2020
GZ2066C,25.04.2020
GBA9550R,21.06.2020
GT1551G,25.11.2020
GBA6544D,01.05.2020
GBB0080J,18.04.2020
GBA2115K,28.01.2021
GU5382X,10.10.2020
GBB5358B,22.09.2020
GZ6792M,18.03.2021
GBE9272Y,17.04.2020
GBD9870B,27.02.2021
GBA1840G,15.04.2020
GW8107U,24.04.2020
GU9770H,15.03.2021
GBE9913G,17.11.2020
GY4706G,04.01.2021
GBC4523S,05.11.2020
GBC7459A,04.03.2021
GBC4761X,23.05.2020
GBE0291B,01.02.2021
GBA9869Y,29.11.2020
GY0502D,26.01.2021
GY5991S,20.06.2020
GBD9026Y,30.10.2020
GBB4280Y,31.10.2020
GY5251U,10.07.2020
GV4766Z,15.04.2020
GT7782S,19.08.2020
GZ3965B,16.08.2020
GBC9818J,14.03.2021
GBA8823K,21.08.2020
GW0320Y,19.08.2020
GZ1032G,25.05.2020
GBB9843R,18.07.2020
GBA3343L,04.10.2020
GZ5468G,19.03.2021
GBD3042P,23.10.2020
GZ7264P,22.09.2020
GY2361E,03.10.2020
GBA0332M,06.01.2021
GV1342H,11.05.2020
GBD9310B,15.12.2020
GV3439A,01.02.2021
GT3627J,28.08.2020
GW4289D,27.08.2020
